-- phpMyAdmin SQL Dump
-- version 4.9.2
-- https://www.phpmyadmin.net/
--
-- Host: 127.0.0.1
-- Generation Time: Mar 06, 2020 at 03:57 PM
-- Server version: 10.4.11-MariaDB
-- PHP Version: 7.3.13

SET SQL_MODE = "NO_AUTO_VALUE_ON_ZERO";
SET AUTOCOMMIT = 0;
START TRANSACTION;
SET time_zone = "+00:00";


/*!40101 SET @OLD_CHARACTER_SET_CLIENT=@@CHARACTER_SET_CLIENT */;
/*!40101 SET @OLD_CHARACTER_SET_RESULTS=@@CHARACTER_SET_RESULTS */;
/*!40101 SET @OLD_COLLATION_CONNECTION=@@COLLATION_CONNECTION */;
/*!40101 SET NAMES utf8mb4 */;

--
-- Database: `posapps`
--

-- --------------------------------------------------------

--
-- Table structure for table `account`
--

CREATE TABLE `account` (
  `id_user` int(11) NOT NULL,
  `username` varchar(255) NOT NULL,
  `password` varchar(255) NOT NULL,
  `name` varchar(255) NOT NULL,
  `role` int(11) NOT NULL DEFAULT 0,
  `pictures` varchar(255) DEFAULT NULL,
  `create_date` timestamp NOT NULL DEFAULT current_timestamp(),
  `update_date` timestamp NOT NULL DEFAULT current_timestamp() ON UPDATE current_timestamp()
) ENGINE=InnoDB DEFAULT CHARSET=utf8mb4;

--
-- Dumping data for table `account`
--

INSERT INTO `account` (`id_user`, `username`, `password`, `name`, `role`, `pictures`, `create_date`, `update_date`) VALUES
(43, 'raga97', '$2a$06$/MnI0doIIVmiKrRuvx.ZheCQD6FxA53hqA5QSbE17av/vhBr9rMOm', 'Raga Sukmana', 1, 'profilepic\\9464675752.jpg', '2020-01-27 09:50:55', '2020-02-12 10:31:00'),
(58, 'ujang12', '$2a$06$Sv.7XnvnVP5eHNObKaMM7esxzwSa5lHCKeTxZyFwT37p1OPNxJTaq', 'Mang Ujang', 2, '', '2020-02-04 16:50:20', '2020-02-04 16:50:20'),
(60, 'mamat33', '$2a$06$/MnI0doIIVmiKrRuvx.ZheV7lCWUPCHASpPcTSA1SQzzUTAHdIe1a', 'Mamat', 2, 'profilepic\\1030372810.jpg', '2020-02-05 13:37:16', '2020-02-12 15:28:35'),
(77, 'dinda', '$2a$06$.Ucfw9TgQoD8Ycjo12hPlei0Xj78Gb//E/kcqdduxSZPNwfILJf5O', 'Dinda99', 0, 'profilepic\\7769085144.jpg', '2020-02-09 06:47:43', '2020-02-13 08:00:57'),
(79, 'sari30', '$2a$06$0Bx77m0vUnGQ49wbriTq/ulm.TnXxUuelf/1SzOOEzYXLeFv.Axti', 'Sari Pati', 2, '', '2020-02-09 09:19:49', '2020-02-09 09:19:49'),
(86, 'ujang77', '$2a$06$mi253jEfWjNLZ2GNgfhOxuGuUD1LFtdALe26jLmeBlhX39R/YNaoW', 'Ujang', 0, NULL, '2020-02-13 01:35:16', '2020-02-13 01:35:16'),
(88, 'mamat99', '$2a$06$xbeVXkxFDZOu9jwhTlgHZeCyuUxZhJekxhN.tMAPppcyOsBCetPLS', 'mamat99', 0, NULL, '2020-02-13 05:50:00', '2020-02-13 05:50:00'),
(90, 'ujang123', '$2a$06$.Ucfw9TgQoD8Ycjo12hPle8HuAlzHDmLia4PrAjZ9qlbMvwIYho/6', 'Ujang', 0, NULL, '2020-02-13 07:57:58', '2020-02-13 07:57:58'),
(91, 'raga78', '$2a$06$igW636kBZBxBDMQH.tjFwuCb.tPXkvdxs8HyiIEw.qDV/nHac9WT6', 'Ragaaaaa', 0, NULL, '2020-02-14 02:30:26', '2020-02-14 02:30:26');

-- --------------------------------------------------------

--
-- Table structure for table `category`
--

CREATE TABLE `category` (
  `id` int(11) NOT NULL,
  `name` varchar(255) NOT NULL,
  `dateadd` timestamp NOT NULL DEFAULT current_timestamp(),
  `dateupdate` timestamp NOT NULL DEFAULT current_timestamp() ON UPDATE current_timestamp()
) ENGINE=InnoDB DEFAULT CHARSET=utf8mb4;

--
-- Dumping data for table `category`
--

INSERT INTO `category` (`id`, `name`, `dateadd`, `dateupdate`) VALUES
(1, 'Food', '2020-01-18 08:24:01', '2020-01-18 08:24:01'),
(2, 'Drink', '2020-01-18 08:24:01', '2020-01-18 08:24:01');

-- --------------------------------------------------------

--
-- Table structure for table `details_order`
--

CREATE TABLE `details_order` (
  `id_details` int(11) NOT NULL,
  `id` int(11) NOT NULL,
  `order_id` int(11) NOT NULL,
  `quantity` int(255) NOT NULL,
  `price` int(255) NOT NULL,
  `created_date` timestamp NOT NULL DEFAULT current_timestamp(),
  `update_date` timestamp NOT NULL DEFAULT current_timestamp() ON UPDATE current_timestamp()
) ENGINE=InnoDB DEFAULT CHARSET=utf8mb4;

--
-- Dumping data for table `details_order`
--

INSERT INTO `details_order` (`id_details`, `id`, `order_id`, `quantity`, `price`, `created_date`, `update_date`) VALUES
(1, 67, 1, 1, 20000, '2020-02-12 05:47:09', '2020-02-12 05:47:09'),
(2, 68, 1, 1, 12000, '2020-02-12 05:47:09', '2020-02-12 05:47:09'),
(3, 70, 1, 1, 5000, '2020-02-12 05:47:09', '2020-02-12 05:47:09'),
(4, 67, 2, 1, 20000, '2020-02-12 05:47:31', '2020-02-12 05:47:31'),
(5, 68, 2, 4, 12000, '2020-02-12 05:47:31', '2020-02-12 05:47:31'),
(6, 70, 2, 5, 5000, '2020-02-12 05:47:31', '2020-02-12 05:47:31'),
(7, 67, 3, 1, 20000, '2020-02-12 05:51:12', '2020-02-12 05:51:12'),
(8, 68, 3, 4, 12000, '2020-02-12 05:51:13', '2020-02-12 05:51:13'),
(9, 70, 3, 5, 5000, '2020-02-12 05:51:13', '2020-02-12 05:51:13'),
(10, 67, 4, 1, 20000, '2020-02-12 05:55:20', '2020-02-12 05:55:20'),
(11, 68, 4, 4, 12000, '2020-02-12 05:55:20', '2020-02-12 05:55:20'),
(12, 70, 4, 5, 5000, '2020-02-12 05:55:20', '2020-02-12 05:55:20'),
(13, 67, 5, 1, 20000, '2020-02-12 05:55:53', '2020-02-12 05:55:53'),
(14, 68, 5, 1, 12000, '2020-02-12 05:55:53', '2020-02-12 05:55:53'),
(15, 70, 5, 1, 5000, '2020-02-12 05:55:53', '2020-02-12 05:55:53'),
(16, 67, 6, 1, 20000, '2020-02-12 05:56:34', '2020-02-12 05:56:34'),
(17, 68, 6, 1, 12000, '2020-02-12 05:56:34', '2020-02-12 05:56:34'),
(18, 69, 6, 1, 8000, '2020-02-12 05:56:34', '2020-02-12 05:56:34'),
(19, 70, 6, 1, 5000, '2020-02-12 05:56:34', '2020-02-12 05:56:34'),
(20, 68, 7, 1, 12000, '2020-02-12 05:58:42', '2020-02-12 05:58:42'),
(21, 67, 7, 1, 20000, '2020-02-12 05:58:42', '2020-02-12 05:58:42'),
(22, 69, 7, 1, 8000, '2020-02-12 05:58:42', '2020-02-12 05:58:42'),
(23, 70, 7, 1, 5000, '2020-02-12 05:58:42', '2020-02-12 05:58:42'),
(24, 68, 8, 1, 12000, '2020-02-12 05:58:47', '2020-02-12 05:58:47'),
(25, 67, 8, 1, 20000, '2020-02-12 05:58:47', '2020-02-12 05:58:47'),
(26, 69, 8, 1, 8000, '2020-02-12 05:58:47', '2020-02-12 05:58:47'),
(27, 70, 8, 1, 5000, '2020-02-12 05:58:47', '2020-02-12 05:58:47'),
(28, 68, 9, 4, 12000, '2020-02-12 06:00:40', '2020-02-12 06:00:40'),
(29, 70, 9, 1, 5000, '2020-02-12 06:00:40', '2020-02-12 06:00:40'),
(30, 68, 10, 4, 12000, '2020-02-12 06:01:09', '2020-02-12 06:01:09'),
(31, 70, 10, 1, 5000, '2020-02-12 06:01:09', '2020-02-12 06:01:09'),
(32, 67, 14, 1, 20000, '2020-02-12 06:01:58', '2020-02-12 06:01:58'),
(33, 68, 14, 1, 12000, '2020-02-12 06:01:58', '2020-02-12 06:01:58'),
(34, 70, 14, 1, 5000, '2020-02-12 06:01:58', '2020-02-12 06:01:58'),
(35, 69, 14, 1, 8000, '2020-02-12 06:01:59', '2020-02-12 06:01:59'),
(36, 67, 15, 1, 20000, '2020-02-12 06:02:44', '2020-02-12 06:02:44'),
(37, 68, 15, 1, 12000, '2020-02-12 06:02:44', '2020-02-12 06:02:44'),
(38, 70, 15, 1, 5000, '2020-02-12 06:02:44', '2020-02-12 06:02:44'),
(39, 69, 15, 1, 8000, '2020-02-12 06:02:44', '2020-02-12 06:02:44'),
(40, 67, 16, 1, 20000, '2020-02-12 17:41:16', '2020-02-12 17:41:16'),
(41, 68, 16, 1, 12000, '2020-02-12 17:41:16', '2020-02-12 17:41:16'),
(42, 69, 16, 1, 8000, '2020-02-12 17:41:16', '2020-02-12 17:41:16'),
(43, 70, 16, 1, 5000, '2020-02-12 17:41:16', '2020-02-12 17:41:16'),
(44, 71, 16, 1, 10000, '2020-02-12 17:41:16', '2020-02-12 17:41:16'),
(45, 67, 17, 1, 20000, '2020-02-12 17:45:34', '2020-02-12 17:45:34'),
(46, 68, 17, 4, 12000, '2020-02-12 17:45:34', '2020-02-12 17:45:34'),
(47, 68, 18, 1, 12000, '2020-02-12 17:51:32', '2020-02-12 17:51:32'),
(48, 67, 18, 1, 20000, '2020-02-12 17:51:32', '2020-02-12 17:51:32'),
(49, 68, 19, 1, 12000, '2020-02-12 17:52:39', '2020-02-12 17:52:39'),
(50, 70, 19, 1, 5000, '2020-02-12 17:52:40', '2020-02-12 17:52:40'),
(51, 67, 19, 1, 20000, '2020-02-12 17:52:40', '2020-02-12 17:52:40'),
(52, 69, 19, 1, 8000, '2020-02-12 17:52:40', '2020-02-12 17:52:40'),
(53, 67, 20, 1, 20000, '2020-02-12 18:05:40', '2020-02-12 18:05:40'),
(54, 68, 20, 1, 12000, '2020-02-12 18:05:40', '2020-02-12 18:05:40'),
(55, 70, 20, 1, 5000, '2020-02-12 18:05:40', '2020-02-12 18:05:40'),
(56, 67, 21, 3, 20000, '2020-02-12 18:15:41', '2020-02-12 18:15:41'),
(57, 118, 21, 3, 27000, '2020-02-12 18:15:42', '2020-02-12 18:15:42'),
(58, 72, 21, 1, 30000, '2020-02-12 18:15:42', '2020-02-12 18:15:42'),
(59, 70, 21, 1, 5000, '2020-02-12 18:15:42', '2020-02-12 18:15:42'),
(60, 68, 22, 4, 12000, '2020-02-12 18:17:06', '2020-02-12 18:17:06'),
(61, 67, 22, 1, 20000, '2020-02-12 18:17:06', '2020-02-12 18:17:06'),
(62, 69, 22, 1, 8000, '2020-02-12 18:17:06', '2020-02-12 18:17:06'),
(63, 70, 22, 1, 5000, '2020-02-12 18:17:06', '2020-02-12 18:17:06'),
(64, 67, 23, 3, 20000, '2020-02-12 18:19:34', '2020-02-12 18:19:34'),
(65, 68, 23, 3, 12000, '2020-02-12 18:19:34', '2020-02-12 18:19:34'),
(66, 70, 23, 1, 5000, '2020-02-12 18:19:34', '2020-02-12 18:19:34'),
(67, 69, 23, 1, 8000, '2020-02-12 18:19:34', '2020-02-12 18:19:34'),
(68, 67, 24, 3, 20000, '2020-02-12 18:19:44', '2020-02-12 18:19:44'),
(69, 68, 24, 3, 12000, '2020-02-12 18:19:44', '2020-02-12 18:19:44'),
(70, 70, 24, 1, 5000, '2020-02-12 18:19:44', '2020-02-12 18:19:44'),
(71, 69, 24, 1, 8000, '2020-02-12 18:19:44', '2020-02-12 18:19:44'),
(72, 67, 25, 1, 20000, '2020-02-12 18:20:09', '2020-02-12 18:20:09'),
(73, 68, 25, 3, 12000, '2020-02-12 18:20:09', '2020-02-12 18:20:09'),
(74, 70, 25, 1, 5000, '2020-02-12 18:20:09', '2020-02-12 18:20:09'),
(75, 68, 26, 1, 12000, '2020-02-12 18:21:04', '2020-02-12 18:21:04'),
(76, 70, 26, 1, 5000, '2020-02-12 18:21:04', '2020-02-12 18:21:04'),
(77, 69, 26, 1, 8000, '2020-02-12 18:21:04', '2020-02-12 18:21:04'),
(78, 67, 26, 1, 20000, '2020-02-12 18:21:04', '2020-02-12 18:21:04'),
(79, 68, 27, 1, 12000, '2020-02-12 18:25:41', '2020-02-12 18:25:41'),
(80, 70, 27, 1, 5000, '2020-02-12 18:25:41', '2020-02-12 18:25:41'),
(81, 69, 27, 1, 8000, '2020-02-12 18:25:41', '2020-02-12 18:25:41'),
(82, 67, 27, 1, 20000, '2020-02-12 18:25:41', '2020-02-12 18:25:41'),
(83, 72, 27, 1, 30000, '2020-02-12 18:25:41', '2020-02-12 18:25:41'),
(84, 67, 28, 1, 20000, '2020-02-12 18:33:31', '2020-02-12 18:33:31'),
(85, 68, 28, 1, 12000, '2020-02-12 18:33:32', '2020-02-12 18:33:32'),
(86, 70, 28, 1, 5000, '2020-02-12 18:33:32', '2020-02-12 18:33:32'),
(87, 69, 28, 1, 8000, '2020-02-12 18:33:32', '2020-02-12 18:33:32'),
(88, 68, 29, 1, 12000, '2020-02-12 18:34:46', '2020-02-12 18:34:46'),
(89, 70, 29, 1, 5000, '2020-02-12 18:34:46', '2020-02-12 18:34:46'),
(90, 69, 29, 1, 8000, '2020-02-12 18:34:46', '2020-02-12 18:34:46'),
(91, 67, 30, 1, 20000, '2020-02-12 18:38:46', '2020-02-12 18:38:46'),
(92, 68, 30, 1, 12000, '2020-02-12 18:38:46', '2020-02-12 18:38:46'),
(93, 70, 30, 1, 5000, '2020-02-12 18:38:46', '2020-02-12 18:38:46'),
(94, 68, 31, 1, 12000, '2020-02-12 18:39:43', '2020-02-12 18:39:43'),
(95, 70, 31, 1, 5000, '2020-02-12 18:39:43', '2020-02-12 18:39:43'),
(96, 69, 31, 1, 8000, '2020-02-12 18:39:43', '2020-02-12 18:39:43'),
(97, 68, 32, 3, 12000, '2020-02-12 18:42:50', '2020-02-12 18:42:50'),
(98, 70, 32, 3, 5000, '2020-02-12 18:42:50', '2020-02-12 18:42:50'),
(99, 69, 32, 3, 8000, '2020-02-12 18:42:50', '2020-02-12 18:42:50'),
(100, 67, 32, 1, 20000, '2020-02-12 18:42:50', '2020-02-12 18:42:50'),
(101, 67, 33, 1, 20000, '2020-02-12 18:46:37', '2020-02-12 18:46:37'),
(102, 68, 33, 1, 12000, '2020-02-12 18:46:37', '2020-02-12 18:46:37'),
(103, 70, 33, 1, 5000, '2020-02-12 18:46:37', '2020-02-12 18:46:37'),
(104, 69, 33, 1, 8000, '2020-02-12 18:46:37', '2020-02-12 18:46:37'),
(105, 67, 34, 1, 20000, '2020-02-12 18:47:09', '2020-02-12 18:47:09'),
(106, 68, 34, 1, 12000, '2020-02-12 18:47:09', '2020-02-12 18:47:09'),
(107, 70, 34, 1, 5000, '2020-02-12 18:47:09', '2020-02-12 18:47:09'),
(108, 69, 34, 1, 8000, '2020-02-12 18:47:09', '2020-02-12 18:47:09'),
(109, 69, 35, 1, 8000, '2020-02-12 18:50:49', '2020-02-12 18:50:49'),
(110, 67, 35, 1, 20000, '2020-02-12 18:50:49', '2020-02-12 18:50:49'),
(111, 68, 35, 1, 12000, '2020-02-12 18:50:49', '2020-02-12 18:50:49'),
(112, 70, 35, 1, 5000, '2020-02-12 18:50:49', '2020-02-12 18:50:49'),
(113, 67, 36, 1, 20000, '2020-02-12 18:52:11', '2020-02-12 18:52:11'),
(114, 68, 36, 1, 12000, '2020-02-12 18:52:11', '2020-02-12 18:52:11'),
(115, 70, 36, 1, 5000, '2020-02-12 18:52:11', '2020-02-12 18:52:11'),
(116, 67, 37, 1, 20000, '2020-02-12 18:53:31', '2020-02-12 18:53:31'),
(117, 70, 37, 6, 5000, '2020-02-12 18:53:31', '2020-02-12 18:53:31'),
(118, 69, 37, 6, 8000, '2020-02-12 18:53:31', '2020-02-12 18:53:31'),
(119, 68, 37, 1, 12000, '2020-02-12 18:53:31', '2020-02-12 18:53:31'),
(120, 68, 38, 3, 12000, '2020-02-12 18:56:20', '2020-02-12 18:56:20'),
(121, 67, 38, 3, 20000, '2020-02-12 18:56:20', '2020-02-12 18:56:20'),
(122, 69, 38, 2, 8000, '2020-02-12 18:56:20', '2020-02-12 18:56:20'),
(123, 70, 38, 1, 5000, '2020-02-12 18:56:20', '2020-02-12 18:56:20'),
(124, 70, 39, 1, 5000, '2020-02-12 18:58:09', '2020-02-12 18:58:09'),
(125, 69, 39, 1, 8000, '2020-02-12 18:58:09', '2020-02-12 18:58:09'),
(126, 67, 39, 1, 20000, '2020-02-12 18:58:09', '2020-02-12 18:58:09'),
(127, 68, 39, 1, 12000, '2020-02-12 18:58:09', '2020-02-12 18:58:09'),
(128, 67, 44, 1, 20000, '2020-02-12 18:59:14', '2020-02-12 18:59:14'),
(129, 68, 44, 1, 12000, '2020-02-12 18:59:14', '2020-02-12 18:59:14'),
(130, 70, 44, 3, 5000, '2020-02-12 18:59:14', '2020-02-12 18:59:14'),
(131, 69, 44, 1, 8000, '2020-02-12 18:59:14', '2020-02-12 18:59:14'),
(132, 68, 48, 1, 12000, '2020-02-12 19:02:58', '2020-02-12 19:02:58'),
(133, 67, 48, 1, 20000, '2020-02-12 19:02:58', '2020-02-12 19:02:58'),
(134, 68, 49, 1, 12000, '2020-02-12 19:03:22', '2020-02-12 19:03:22'),
(135, 70, 49, 1, 5000, '2020-02-12 19:03:22', '2020-02-12 19:03:22'),
(136, 68, 50, 1, 12000, '2020-02-12 19:04:13', '2020-02-12 19:04:13'),
(137, 67, 50, 1, 20000, '2020-02-12 19:04:13', '2020-02-12 19:04:13'),
(138, 69, 50, 1, 8000, '2020-02-12 19:04:14', '2020-02-12 19:04:14'),
(139, 70, 50, 1, 5000, '2020-02-12 19:04:14', '2020-02-12 19:04:14'),
(140, 69, 51, 1, 8000, '2020-02-12 19:06:23', '2020-02-12 19:06:23'),
(141, 68, 52, 1, 12000, '2020-02-12 19:08:56', '2020-02-12 19:08:56'),
(142, 67, 53, 1, 20000, '2020-02-12 19:23:13', '2020-02-12 19:23:13'),
(143, 68, 53, 1, 12000, '2020-02-12 19:23:13', '2020-02-12 19:23:13'),
(144, 68, 54, 1, 12000, '2020-02-12 19:24:26', '2020-02-12 19:24:26'),
(145, 67, 54, 1, 20000, '2020-02-12 19:24:26', '2020-02-12 19:24:26'),
(146, 68, 55, 1, 12000, '2020-02-13 00:26:35', '2020-02-13 00:26:35'),
(147, 70, 55, 1, 5000, '2020-02-13 00:26:35', '2020-02-13 00:26:35'),
(148, 67, 55, 1, 20000, '2020-02-13 00:26:35', '2020-02-13 00:26:35'),
(149, 68, 56, 1, 12000, '2020-02-13 00:47:38', '2020-02-13 00:47:38'),
(150, 67, 56, 1, 20000, '2020-02-13 00:47:38', '2020-02-13 00:47:38'),
(151, 70, 56, 1, 5000, '2020-02-13 00:47:38', '2020-02-13 00:47:38'),
(152, 67, 57, 1, 20000, '2020-02-13 00:47:57', '2020-02-13 00:47:57'),
(153, 69, 57, 1, 8000, '2020-02-13 00:47:57', '2020-02-13 00:47:57'),
(154, 70, 57, 1, 5000, '2020-02-13 00:47:57', '2020-02-13 00:47:57'),
(155, 68, 57, 1, 12000, '2020-02-13 00:47:57', '2020-02-13 00:47:57'),
(156, 68, 58, 1, 12000, '2020-02-13 00:49:17', '2020-02-13 00:49:17'),
(157, 70, 58, 1, 5000, '2020-02-13 00:49:17', '2020-02-13 00:49:17'),
(158, 67, 59, 4, 20000, '2020-02-13 01:34:30', '2020-02-13 01:34:30'),
(159, 69, 59, 4, 8000, '2020-02-13 01:34:30', '2020-02-13 01:34:30'),
(160, 70, 59, 1, 5000, '2020-02-13 01:34:30', '2020-02-13 01:34:30'),
(161, 68, 59, 1, 12000, '2020-02-13 01:34:30', '2020-02-13 01:34:30'),
(162, 68, 60, 3, 12000, '2020-02-13 04:53:02', '2020-02-13 04:53:02'),
(163, 67, 60, 4, 20000, '2020-02-13 04:53:02', '2020-02-13 04:53:02'),
(164, 69, 60, 1, 8000, '2020-02-13 04:53:02', '2020-02-13 04:53:02'),
(165, 70, 60, 1, 5000, '2020-02-13 04:53:02', '2020-02-13 04:53:02'),
(166, 72, 61, 4, 30000, '2020-02-13 05:53:17', '2020-02-13 05:53:17'),
(167, 118, 61, 1, 27000, '2020-02-13 05:53:17', '2020-02-13 05:53:17'),
(168, 71, 61, 3, 10000, '2020-02-13 05:53:17', '2020-02-13 05:53:17'),
(169, 68, 62, 1, 12000, '2020-02-13 06:27:43', '2020-02-13 06:27:43'),
(170, 67, 63, 2, 20000, '2020-02-13 08:03:12', '2020-02-13 08:03:12'),
(171, 70, 63, 2, 5000, '2020-02-13 08:03:13', '2020-02-13 08:03:13'),
(172, 68, 64, 1, 12000, '2020-02-13 08:18:45', '2020-02-13 08:18:45'),
(173, 67, 64, 1, 20000, '2020-02-13 08:18:45', '2020-02-13 08:18:45'),
(174, 67, 65, 3, 20000, '2020-02-14 02:31:25', '2020-02-14 02:31:25'),
(175, 68, 65, 3, 12000, '2020-02-14 02:31:25', '2020-02-14 02:31:25'),
(176, 118, 66, 4, 27000, '2020-02-29 01:49:42', '2020-02-29 01:49:42'),
(177, 73, 66, 5, 16000, '2020-02-29 01:49:42', '2020-02-29 01:49:42');

-- --------------------------------------------------------

--
-- Table structure for table `payment`
--

CREATE TABLE `payment` (
  `id` int(11) NOT NULL,
  `name` varchar(255) NOT NULL,
  `dateadd` timestamp NOT NULL DEFAULT current_timestamp(),
  `dateupdate` timestamp NOT NULL DEFAULT current_timestamp() ON UPDATE current_timestamp()
) ENGINE=InnoDB DEFAULT CHARSET=utf8mb4;

--
-- Dumping data for table `payment`
--

INSERT INTO `payment` (`id`, `name`, `dateadd`, `dateupdate`) VALUES
(1, 'cash', '2020-01-22 00:10:10', '2020-01-22 00:10:10'),
(2, 'cash', '2020-01-22 00:10:15', '2020-01-22 00:10:15'),
(3, 'Bank MANDIRI', '2020-01-22 00:10:26', '2020-01-22 00:10:26'),
(4, 'Bank BTN', '2020-01-22 00:10:28', '2020-01-22 00:13:19'),
(5, 'Bank BCA', '2020-01-22 00:10:35', '2020-01-22 00:10:35'),
(6, 'Bank MEGA', '2020-01-22 00:10:37', '2020-01-22 00:13:48'),
(7, 'GoPay', '2020-01-22 00:10:46', '2020-01-22 00:10:46'),
(8, 'DANA', '2020-01-22 00:10:48', '2020-01-22 00:14:15'),
(9, 'OVO', '2020-01-22 00:10:54', '2020-01-22 00:14:22');

-- --------------------------------------------------------

--
-- Table structure for table `post_order`
--

CREATE TABLE `post_order` (
  `id_post` int(11) NOT NULL,
  `order_reff` varchar(255) NOT NULL,
  `cashier` int(11) NOT NULL,
  `total_price` int(11) NOT NULL,
  `add_date` timestamp NOT NULL DEFAULT current_timestamp(),
  `update_date` timestamp NOT NULL DEFAULT current_timestamp() ON UPDATE current_timestamp()
) ENGINE=InnoDB DEFAULT CHARSET=utf8mb4;

--
-- Dumping data for table `post_order`
--

INSERT INTO `post_order` (`id_post`, `order_reff`, `cashier`, `total_price`, `add_date`, `update_date`) VALUES
(1, '117652', 77, 37000, '2020-02-12 05:47:09', '2020-02-12 05:47:10'),
(2, '860662', 77, 93000, '2020-02-12 05:47:31', '2020-02-12 05:47:32'),
(3, '007743', 77, 93000, '2020-02-12 05:51:12', '2020-02-12 05:51:13'),
(4, '075105', 77, 93000, '2020-02-12 05:55:20', '2020-02-12 05:55:20'),
(5, '422646', 77, 37000, '2020-02-12 05:55:53', '2020-02-12 05:55:53'),
(6, '221674', 77, 45000, '2020-02-12 05:56:34', '2020-02-12 05:56:35'),
(7, '793975', 77, 45000, '2020-02-12 05:58:42', '2020-02-12 05:58:42'),
(8, '573883', 77, 45000, '2020-02-12 05:58:47', '2020-02-12 05:58:47'),
(9, '527268', 77, 53000, '2020-02-12 06:00:39', '2020-02-12 06:00:40'),
(10, '527118', 77, 53000, '2020-02-12 06:01:09', '2020-02-12 06:01:09'),
(11, '526267', 77, 0, '2020-02-12 06:01:16', '2020-02-12 06:01:16'),
(12, '769657', 77, 0, '2020-02-12 06:01:17', '2020-02-12 06:01:17'),
(13, '986996', 77, 0, '2020-02-12 06:01:30', '2020-02-12 06:01:30'),
(14, '333387', 77, 45000, '2020-02-12 06:01:58', '2020-02-12 06:01:59'),
(15, '199265', 77, 45000, '2020-02-12 06:02:43', '2020-02-12 06:02:44'),
(16, '838068', 43, 55000, '2020-02-12 17:41:16', '2020-02-12 17:41:16'),
(17, '102415', 43, 68000, '2020-02-12 17:45:34', '2020-02-12 17:45:34'),
(18, '168564', 43, 32000, '2020-02-12 17:51:31', '2020-02-12 17:51:32'),
(19, '633381', 43, 45000, '2020-02-12 17:52:39', '2020-02-12 17:52:40'),
(20, '185053', 43, 37000, '2020-02-12 18:05:39', '2020-02-12 18:05:40'),
(21, '914093', 43, 176000, '2020-02-12 18:15:41', '2020-02-12 18:15:42'),
(22, '904156', 43, 81000, '2020-02-12 18:17:06', '2020-02-12 18:17:06'),
(23, '086466', 43, 109000, '2020-02-12 18:19:34', '2020-02-12 18:19:34'),
(24, '030493', 43, 109000, '2020-02-12 18:19:44', '2020-02-12 18:19:44'),
(25, '564366', 43, 61000, '2020-02-12 18:20:09', '2020-02-12 18:20:09'),
(26, '155668', 43, 45000, '2020-02-12 18:21:04', '2020-02-12 18:21:04'),
(27, '243325', 43, 75000, '2020-02-12 18:25:41', '2020-02-12 18:25:41'),
(28, '012125', 43, 45000, '2020-02-12 18:33:31', '2020-02-12 18:33:32'),
(29, '661358', 43, 25000, '2020-02-12 18:34:45', '2020-02-12 18:34:46'),
(30, '652249', 43, 37000, '2020-02-12 18:38:46', '2020-02-12 18:38:46'),
(31, '584265', 43, 25000, '2020-02-12 18:39:43', '2020-02-12 18:39:44'),
(32, '590719', 43, 95000, '2020-02-12 18:42:50', '2020-02-12 18:42:50'),
(33, '317564', 43, 45000, '2020-02-12 18:46:37', '2020-02-12 18:46:38'),
(34, '428330', 43, 45000, '2020-02-12 18:47:09', '2020-02-12 18:47:10'),
(35, '539484', 43, 45000, '2020-02-12 18:50:48', '2020-02-12 18:50:49'),
(36, '474279', 43, 37000, '2020-02-12 18:52:11', '2020-02-12 18:52:11'),
(37, '478718', 43, 110000, '2020-02-12 18:53:31', '2020-02-12 18:53:31'),
(38, '205755', 43, 117000, '2020-02-12 18:56:20', '2020-02-12 18:56:20'),
(39, '085226', 43, 45000, '2020-02-12 18:58:09', '2020-02-12 18:58:09'),
(40, '744569', 43, 0, '2020-02-12 18:58:13', '2020-02-12 18:58:13'),
(41, '174905', 43, 0, '2020-02-12 18:58:19', '2020-02-12 18:58:19'),
(42, '518934', 43, 0, '2020-02-12 18:58:19', '2020-02-12 18:58:19'),
(43, '527534', 43, 0, '2020-02-12 18:58:19', '2020-02-12 18:58:19'),
(44, '154909', 43, 55000, '2020-02-12 18:59:14', '2020-02-12 18:59:15'),
(45, '984988', 43, 0, '2020-02-12 18:59:17', '2020-02-12 18:59:17'),
(46, '554624', 43, 0, '2020-02-12 18:59:19', '2020-02-12 18:59:19'),
(47, '051001', 43, 0, '2020-02-12 18:59:20', '2020-02-12 18:59:20'),
(48, '205347', 43, 32000, '2020-02-12 19:02:57', '2020-02-12 19:02:58'),
(49, '397730', 43, 17000, '2020-02-12 19:03:22', '2020-02-12 19:03:22'),
(50, '268760', 43, 45000, '2020-02-12 19:04:13', '2020-02-12 19:04:14'),
(51, '383686', 43, 8000, '2020-02-12 19:06:23', '2020-02-12 19:06:23'),
(52, '586194', 43, 12000, '2020-02-12 19:08:56', '2020-02-12 19:08:56'),
(53, '251322', 43, 32000, '2020-02-12 19:23:13', '2020-02-12 19:23:13'),
(54, '092695', 43, 32000, '2020-02-12 19:24:26', '2020-02-12 19:24:26'),
(55, '351419', 43, 37000, '2020-02-13 00:26:35', '2020-02-13 00:26:35'),
(56, '107749', 77, 37000, '2020-02-13 00:47:38', '2020-02-13 00:47:38'),
(57, '557067', 77, 45000, '2020-02-13 00:47:57', '2020-02-13 00:47:57'),
(58, '795014', 77, 17000, '2020-02-13 00:49:17', '2020-02-13 00:49:17'),
(59, '035116', 77, 129000, '2020-02-13 01:34:30', '2020-02-13 01:34:30'),
(60, '217132', 43, 129000, '2020-02-13 04:53:02', '2020-02-13 04:53:02'),
(61, '198296', 77, 177000, '2020-02-13 05:53:17', '2020-02-13 05:53:17'),
(62, '646525', 43, 12000, '2020-02-13 06:27:43', '2020-02-13 06:27:43'),
(63, '495586', 77, 50000, '2020-02-13 08:03:12', '2020-02-13 08:03:13'),
(64, '087983', 43, 32000, '2020-02-13 08:18:44', '2020-02-13 08:18:45'),
(65, '723033', 43, 96000, '2020-02-14 02:31:25', '2020-02-14 02:31:26'),
(66, '456229', 43, 188000, '2020-02-29 01:49:42', '2020-02-29 01:49:42');

-- --------------------------------------------------------

--
-- Table structure for table `products`
--

CREATE TABLE `products` (
  `id` int(11) NOT NULL,
  `name_product` varchar(255) NOT NULL,
  `description` text NOT NULL,
  `image` varchar(255) NOT NULL,
  `category` int(11) NOT NULL,
  `price` int(255) NOT NULL,
  `dateadd` timestamp NOT NULL DEFAULT current_timestamp(),
  `dateupdate` timestamp NOT NULL DEFAULT current_timestamp() ON UPDATE current_timestamp()
) ENGINE=InnoDB DEFAULT CHARSET=utf8mb4;

--
-- Dumping data for table `products`
--

INSERT INTO `products` (`id`, `name_product`, `description`, `image`, `category`, `price`, `dateadd`, `dateupdate`) VALUES
(67, 'Ayam Rica', 'Ayam rica with souce special from our restaurant', 'pictures\\5841904430.jpg', 1, 20000, '2020-01-20 00:24:41', '2020-02-03 14:27:39'),
(68, 'Hot Choco', 'Coklat Enak dan asli terbuat dari bahan terbaik alami yang kami pilih sendiri', 'pictures\\6152791333.jpg', 2, 12000, '2020-01-20 00:25:29', '2020-01-25 09:11:40'),
(69, 'Lemon Tea', 'Lemon tea yang segar datang dari hati yang tenang ketika membuatnya', 'pictures\\1677699241.jpg', 2, 8000, '2020-01-20 00:26:18', '2020-01-25 09:12:24'),
(70, 'Ice Tea', 'Ice tea minuman sederhana tapi enak', 'pictures\\6704383023.jpg', 2, 5000, '2020-01-20 00:26:48', '2020-01-25 09:13:06'),
(71, 'Expresso Latte', 'Expresso + susu yang segar ', 'pictures\\3549716781.jpg', 2, 10000, '2020-01-20 00:27:30', '2020-01-25 09:13:53'),
(72, 'Gurame Goreng', 'Gurame goreng dengan sambal khas resto kami', 'pictures\\2299416706.jpg', 1, 30000, '2020-01-20 00:28:50', '2020-02-09 02:12:04'),
(73, 'Ayam Goreng', 'Ayam goreng special + sambal mantab hot hitz', 'pictures\\9578451897.jpg', 1, 16000, '2020-01-20 00:30:29', '2020-01-25 09:16:28'),
(74, 'Sate Lilit', 'Sate lilit rasa yang tidak berubah dengan bumbu khas bali yang kami racik sendiri dari ahlinya', 'pictures\\6973088897.jpg', 1, 18000, '2020-01-20 00:31:02', '2020-01-25 09:17:19'),
(75, 'Mojito', 'Air soda + lime dan lemon segar', 'pictures\\2894408921.jpg', 2, 9000, '2020-01-20 00:31:57', '2020-01-25 09:18:05'),
(118, 'Ikan Bakar ', 'Ikan bakar dengan bumbu special dan sambal kecap ', 'pictures\\5104918948.jpg', 1, 27000, '2020-02-03 02:16:19', '2020-02-03 02:16:19'),
(133, 'Fried Rice', 'frieed riceee', 'pictures\\2319495532.jpg', 1, 15000, '2020-02-05 07:34:02', '2020-02-05 07:34:02');

--
-- Indexes for dumped tables
--

--
-- Indexes for table `account`
--
ALTER TABLE `account`
  ADD PRIMARY KEY (`id_user`),
  ADD UNIQUE KEY `username` (`username`);

--
-- Indexes for table `category`
--
ALTER TABLE `category`
  ADD PRIMARY KEY (`id`);

--
-- Indexes for table `details_order`
--
ALTER TABLE `details_order`
  ADD PRIMARY KEY (`id_details`),
  ADD KEY `product_name` (`id`),
  ADD KEY `order_id` (`order_id`);

--
-- Indexes for table `payment`
--
ALTER TABLE `payment`
  ADD PRIMARY KEY (`id`);

--
-- Indexes for table `post_order`
--
ALTER TABLE `post_order`
  ADD PRIMARY KEY (`id_post`),
  ADD UNIQUE KEY `order_reff` (`order_reff`),
  ADD KEY `cashier` (`cashier`);

--
-- Indexes for table `products`
--
ALTER TABLE `products`
  ADD PRIMARY KEY (`id`),
  ADD KEY `category` (`category`);

--
-- AUTO_INCREMENT for dumped tables
--

--
-- AUTO_INCREMENT for table `account`
--
ALTER TABLE `account`
  MODIFY `id_user` int(11) NOT NULL AUTO_INCREMENT, AUTO_INCREMENT=92;

--
-- AUTO_INCREMENT for table `category`
--
ALTER TABLE `category`
  MODIFY `id` int(11) NOT NULL AUTO_INCREMENT, AUTO_INCREMENT=22;

--
-- AUTO_INCREMENT for table `details_order`
--
ALTER TABLE `details_order`
  MODIFY `id_details` int(11) NOT NULL AUTO_INCREMENT, AUTO_INCREMENT=178;

--
-- AUTO_INCREMENT for table `payment`
--
ALTER TABLE `payment`
  MODIFY `id` int(11) NOT NULL AUTO_INCREMENT, AUTO_INCREMENT=13;

--
-- AUTO_INCREMENT for table `post_order`
--
ALTER TABLE `post_order`
  MODIFY `id_post` int(11) NOT NULL AUTO_INCREMENT, AUTO_INCREMENT=67;

--
-- AUTO_INCREMENT for table `products`
--
ALTER TABLE `products`
  MODIFY `id` int(11) NOT NULL AUTO_INCREMENT, AUTO_INCREMENT=141;

--
-- Constraints for dumped tables
--

--
-- Constraints for table `details_order`
--
ALTER TABLE `details_order`
  ADD CONSTRAINT `details_order_ibfk_1` FOREIGN KEY (`id`) REFERENCES `products` (`id`),
  ADD CONSTRAINT `details_order_ibfk_2` FOREIGN KEY (`order_id`) REFERENCES `post_order` (`id_post`);

--
-- Constraints for table `post_order`
--
ALTER TABLE `post_order`
  ADD CONSTRAINT `post_order_ibfk_5` FOREIGN KEY (`cashier`) REFERENCES `account` (`id_user`);

--
-- Constraints for table `products`
--
ALTER TABLE `products`
  ADD CONSTRAINT `products_ibfk_1` FOREIGN KEY (`category`) REFERENCES `category` (`id`);
COMMIT;

/*!40101 SET CHARACTER_SET_CLIENT=@OLD_CHARACTER_SET_CLIENT */;
/*!40101 SET CHARACTER_SET_RESULTS=@OLD_CHARACTER_SET_RESULTS */;
/*!40101 SET COLLATION_CONNECTION=@OLD_COLLATION_CONNECTION */;
